{
  "person1": [
    {
      "cow": [
        0.10000000149011612,
        0.10000000149011612
      ],
      "i pig": [
        0.0,
        0.0
      ],
      "null": [
        -0.20000000298023224,
        0.20000000298023224
      ],
      "rooster eats nothing": [
        -0.4000000059604645,
        0.4000000059604645
      ],
      "more cal": [
        0.10000000149011612,
        0.10000000149011612
      ],
      "nooooo a the fridge": [
        -0.4000000059604645,
        0.4000000059604645
      ],
      "zero cal": [
        -0.20000000298023224,
        0.20000000298023224
      ]
    },
    {
      "zebras eat nothing": [
        -0.4000000059604645,
        0.4000000059604645
      ],
      "lll": [
        0.0,
        0.0
      ],
      "kdkd": [
        0.0,
        0.0
      ],
      "null": [
        -0.20000000298023224,
        0.20000000298023224
      ],
      "doonouts": [
        0.0,
        0.0
      ],
      "coo doo": [
        0.30000001192092896,
        0.30000001192092896
      ]
    }
  ],
  "person2": [
    {
      "cow": [
        0.10000000149011612,
        0.10000000149011612
      ],
      "i pig": [
        0.0,
        0.0
      ],
      "null": [
        -0.20000000298023224,
        0.20000000298023224
      ],
      "rooster eats nothing": [
        -0.4000000059604645,
        0.4000000059604645
      ],
      "more cal": [
        0.10000000149011612,
        0.10000000149011612
      ],
      "nooooo a the fridge": [
        -0.4000000059604645,
        0.4000000059604645
      ],
      "zero cal": [
        -0.20000000298023224,
        0.20000000298023224
      ]
    },
    {
      "zebras eat nothing": [
        -0.4000000059604645,
        0.4000000059604645
      ],
      "lll": [
        0.0,
        0.0
      ],
      "kdkd": [
        0.0,
        0.0
      ],
      "null": [
        -0.20000000298023224,
        0.20000000298023224
      ],
      "doonouts": [
        0.0,
        0.0
      ],
      "coo doo": [
        0.30000001192092896,
        0.30000001192092896
      ]
    }
  ]
}